﻿{"cameraMode":{"drawMode":0,"name":"Shaded","section":"Shading Mode"},"sceneLighting":false,"audioPlay":false,"sceneViewState":{"showFog":true,"showMaterialUpdate":false,"showSkybox":false,"showFlares":true,"showImageEffects":true,"showParticleSystems":true},"in2DMode":false,"pivot":{"x":3.06766414642334,"y":1.745312213897705,"z":-1.124131202697754},"rotation":{"x":-0.2409925013780594,"y":0.5382204055786133,"z":-0.16402307152748109,"w":-0.7907843589782715},"size":14.289420127868653,"orthographic":false}