﻿{"cameraMode":{"drawMode":0,"name":"Shaded","section":"Shading Mode"},"sceneLighting":false,"audioPlay":false,"sceneViewState":{"showFog":true,"showMaterialUpdate":false,"showSkybox":true,"showFlares":true,"showImageEffects":true,"showParticleSystems":true},"in2DMode":false,"pivot":{"x":-3.4843804836273195,"y":11.231244087219239,"z":-9.59332275390625},"rotation":{"x":-0.336698442697525,"y":-0.04461099952459335,"z":0.01597323827445507,"w":-0.9404219388961792},"size":6.221709728240967,"orthographic":false}